source_file,artikelname,bildurl,normalized_name
Anis.csv,Cinzano Bianco (0.75l),https://cdn.orderlion.com/itemimages/_supplier_7JWbbFcM6nq2am6mM/_230201-2122_7xaD3DHdZNu7ZmHcS-small.jpg,cinzano bianco (0.75l)
Anis.csv,Cinzano Extra Dry (0.75l),https://cdn.orderlion.com/itemimages/_supplier_7JWbbFcM6nq2am6mM/_230818-1144_ttX63M9ZaJPeAFC5C-small.jpeg,cinzano extra dry (0.75l)
Anis.csv,Cinzano Rosso (0.75l),https://cdn.orderlion.com/itemimages/_supplier_7JWbbFcM6nq2am6mM/_230201-2122_qjhLCPdaBGNAud6ya-small.png,cinzano rosso (0.75l)
Anis.csv,Cocchi Vermouth di Torino (0.75l),https://cdn.orderlion.com/itemimages/_supplier_7JWbbFcM6nq2am6mM/_231206-1222_TT5NLdaePXajWtaKr-small.jpeg,cocchi vermouth di torino (0.75l)
Anis.csv,Cynar Bitter (0.7l),https://cdn.orderlion.com/itemimages/_supplier_7JWbbFcM6nq2am6mM/_221128-2059_BvzyHePiCBLicfywm-small.jpg,cynar bitter (0.7l)
Anis.csv,Cynar Bitter (1l),https://cdn.orderlion.com/itemimages/_supplier_7JWbbFcM6nq2am6mM/_231206-1223_Mzgrr9bibJo5Y955y-small.jpeg,cynar bitter (1l)
Anis.csv,Deja-Vu Oriental Aperitif (0.7l),https://cdn.orderlion.com/itemimages/_supplier_7JWbbFcM6nq2am6mM/_221205-1927_p73JCmNcEBEYJjxFM-small.jpg,deja-vu oriental aperitif (0.7l)
Bier1.csv,"Chiemseer Hell (0,33l)",https://cdn.orderlion.com/itemimages/_supplier_7JWbbFcM6nq2am6mM/_221214-2033_Zez5A8aydxjoizhEp-small.jpg,"chiemseer hell (0,33l)"
Bier1.csv,Chiemseer Hell (0.5l),https://cdn.orderlion.com/itemimages/_supplier_7JWbbFcM6nq2am6mM/_221219-2038_oyf9vyPb2XDTQs3mY-small.jpg,chiemseer hell (0.5l)
Bier1.csv,Clausthaler alkoholfrei (0.33l),https://cdn.orderlion.com/itemimages/_supplier_7JWbbFcM6nq2am6mM/_221219-2039_tNewMvjPLKqrznEJB-small.jpg,clausthaler alkoholfrei (0.33l)
Bier1.csv,Clausthaler alkoholfrei (0.5l),https://cdn.orderlion.com/itemimages/_supplier_7JWbbFcM6nq2am6mM/_230201-2123_6oFGu64gPZ5BmYKjP-small.jpg,clausthaler alkoholfrei (0.5l)
Bier1.csv,Clausthaler herb (0.5l),https://cdn.orderlion.com/itemimages/_supplier_7JWbbFcM6nq2am6mM/_221219-2040_tmeWj4kaQBB9BpFEP-small.jpg,clausthaler herb (0.5l)
Bier1.csv,Clausthaler herb alkoholfrei (0.33l),https://cdn.orderlion.com/itemimages/_supplier_7JWbbFcM6nq2am6mM/_230201-2124_qCb2voXRrb2e3LhnW-small.jpg,clausthaler herb alkoholfrei (0.33l)
Bier1.csv,Corona Cero 0%,https://cdn.orderlion.com/itemimages/_supplier_7JWbbFcM6nq2am6mM/_221124-0531_JQqXPnR8kKBSyfs8P-small.jpg,corona cero 0%
Bier1.csv,Corona Extra (0.33l),https://cdn.orderlion.com/itemimages/_supplier_7JWbbFcM6nq2am6mM/_220825-0522_dJZ8BQ9MJjhtAsQYy-small.jpg,corona extra (0.33l)
Bier1.csv,"Cyberz Limez (24x0,33l)",https://cdn.orderlion.com/itemimages/_supplier_7JWbbFcM6nq2am6mM/_240402-0934_pjNH7wcE4QthhF7hb-small.jpeg,"cyberz limez (24x0,33l)"
Bier1.csv,Desperados (0.33l),https://cdn.orderlion.com/itemimages/_supplier_7JWbbFcM6nq2am6mM/_220825-0522_8LLBPT2DYb26S646r-small.png,desperados (0.33l)
Bier1.csv,Desperados (0.65l),https://cdn.orderlion.com/itemimages/_supplier_7JWbbFcM6nq2am6mM/_221219-2041_qrYZ6LHgsNpAKprKs-small.jpg,desperados (0.65l)
Bier1.csv,"Desperados 0,0%",https://cdn.orderlion.com/itemimages/_supplier_7JWbbFcM6nq2am6mM/_240105-0717_prznYE8LxKi3GiS9y-small.jpeg,"desperados 0,0%"
Bier1.csv,"Desperados Dose (0,33l)",https://cdn.orderlion.com/itemimages/_supplier_7JWbbFcM6nq2am6mM/_230525-0723_XxaWypHYHqXpKQaYQ-small.jpeg,"desperados dose (0,33l)"
Bier1.csv,Desperados Lime (0.33l),https://cdn.orderlion.com/itemimages/_supplier_7JWbbFcM6nq2am6mM/_221219-2041_YnSRSyaJyxQdBqfDa-small.jpg,desperados lime (0.33l)
Bier1.csv,Desperados Mojito (0.33l),https://cdn.orderlion.com/itemimages/_supplier_7JWbbFcM6nq2am6mM/_221219-2042_Em2fAJM6ozJQwqJKb-small.jpg,desperados mojito (0.33l)
Bitterlimonade.csv,Crodino Bitter (0.098l),https://cdn.orderlion.com/itemimages/_supplier_7JWbbFcM6nq2am6mM/_220610-1631_pDReykS9TJtHMfp9Q-small.gif,crodino bitter (0.098l)
Cachaca.csv,"Delicana Gold Artesanal Cachaca (1,0l)",https://cdn.orderlion.com/itemimages/_supplier_7JWbbFcM6nq2am6mM/_230306-0719_rGxMabu2q6DAuKdjw-small.jpg,"delicana gold artesanal cachaca (1,0l)"
Champagner.csv,Champagne Gruet Brut Rosé (0.75l),https://cdn.orderlion.com/itemimages/_supplier_7JWbbFcM6nq2am6mM/_230123-1246_hE7oYWMxj4L4ivuF7-small.png,champagne gruet brut rosé (0.75l)
Champagner.csv,Champagne Regine Baron Saphir Brut (0.75l),https://cdn.orderlion.com/itemimages/_supplier_7JWbbFcM6nq2am6mM/_230121-1051_xAGqqSDqw2gRQyjCe-small.jpg,champagne regine baron saphir brut (0.75l)
Champagner.csv,"Champagner Ayala-Brut Majeur (0,75l)",https://cdn.orderlion.com/itemimages/_supplier_7JWbbFcM6nq2am6mM/_250513-1249_pASQuqFTxMgMxi95s-small.jpeg,"champagner ayala-brut majeur (0,75l)"
Champagner.csv,"Champagner Ayala-Rose Majeur (0,75l)",https://cdn.orderlion.com/itemimages/_supplier_7JWbbFcM6nq2am6mM/_250513-1250_tDcFavYFPG5Wv9wdw-small.jpeg,"champagner ayala-rose majeur (0,75l)"
Champagner.csv,"Champagner Devaux - Coeur des Bar Blanc de Blancs (0,75l)",https://cdn.orderlion.com/itemimages/_supplier_7JWbbFcM6nq2am6mM/_250521-0958_jPkzucC26LDpTd4si-small.jpeg,"champagner devaux - coeur des bar blanc de blancs (0,75l)"
Champagner.csv,"Champagner Devaux - Grande Réserve Brut (0,75l)",https://cdn.orderlion.com/itemimages/_supplier_7JWbbFcM6nq2am6mM/_230403-0522_2r4DDSJSmCb7YPZq3-small.jpg,"champagner devaux - grande réserve brut (0,75l)"
Champagner.csv,"Champagner Lallier Blanc de Blancs 0,75l",https://cdn.orderlion.com/itemimages/_supplier_7JWbbFcM6nq2am6mM/_230118-1427_KiJJKtBB9aRphkFhD-small.png,"champagner lallier blanc de blancs 0,75l"
Champagner.csv,Champagner Lallier Blanc de Noirs,https://cdn.orderlion.com/itemimages/_supplier_7JWbbFcM6nq2am6mM/_240717-1253_TH3hAoJnkiJ4CYHsS-small.jpeg,champagner lallier blanc de noirs
Champagner.csv,Champagner Lallier Cuvée R.019 (0.75l),https://cdn.orderlion.com/itemimages/_supplier_7JWbbFcM6nq2am6mM/_230121-1051_vNzirLfYhjpwQBrmP-small.png,champagner lallier cuvée r.019 (0.75l)
Champagner.csv,Champagner Lallier Millesime 2014,https://cdn.orderlion.com/itemimages/_supplier_7JWbbFcM6nq2am6mM/_240105-0650_shMXrMBfZh2aBcTr3-small.jpeg,champagner lallier millesime 2014
Champagner.csv,"Champagner Lallier Ouvrage (0,75l)",https://cdn.orderlion.com/itemimages/_supplier_7JWbbFcM6nq2am6mM/_240104-1111_f6q7rg4ZGsrHQLarh-small.jpeg,"champagner lallier ouvrage (0,75l)"
Champagner.csv,"Champagner Lallier Rosé (0,75l)",https://cdn.orderlion.com/itemimages/_supplier_7JWbbFcM6nq2am6mM/_230414-0432_AzXcdgrzA2Xq9F4Gi-small.png,"champagner lallier rosé (0,75l)"
Champagner.csv,"Champagner Millésimé Grand cru 2012 (0,75l)",https://cdn.orderlion.com/itemimages/_supplier_7JWbbFcM6nq2am6mM/_231206-1258_Acmd7RdHfLoozkgE8-small.jpeg,"champagner millésimé grand cru 2012 (0,75l)"
Cidre.csv,Cidre La Cidraie herb (0.75l),https://cdn.orderlion.com/itemimages/_supplier_7JWbbFcM6nq2am6mM/_230201-2121_Gdf9BTA9BEP5pEiA3-small.jpg,cidre la cidraie herb (0.75l)
Cognac.csv,Chantre (1l),https://cdn.orderlion.com/itemimages/_supplier_7JWbbFcM6nq2am6mM/_230121-1052_TzZbHvmQeuphxs48K-small.jpg,chantre (1l)
Cognac.csv,Courvoisier VS (0.7l),https://cdn.orderlion.com/itemimages/_supplier_7JWbbFcM6nq2am6mM/_230607-0808_D8P24iLLyxGjX5wPp-small.jpg,courvoisier vs (0.7l)
Cognac.csv,Courvoisier VSOP (0.7l),https://cdn.orderlion.com/itemimages/_supplier_7JWbbFcM6nq2am6mM/_230607-0809_Z66RQ2PmkyHDBRK4q-small.jpg,courvoisier vsop (0.7l)
Cognac.csv,Courvoisier XO (0.7l),https://cdn.orderlion.com/itemimages/_supplier_7JWbbFcM6nq2am6mM/_230607-0809_kPfkczevWfvKcQfvx-small.jpg,courvoisier xo (0.7l)
Cola1.csv,Charitea Black Tea (0.33l),https://cdn.orderlion.com/itemimages/_supplier_7JWbbFcM6nq2am6mM/_221205-1915_L3bbyCoknzgbzTkTz-small.jpg,charitea black tea (0.33l)
Cola1.csv,Charitea Green Tea (0.33l),https://cdn.orderlion.com/itemimages/_supplier_7JWbbFcM6nq2am6mM/_221205-1915_53b6B84DsvoTEC2aC-small.jpg,charitea green tea (0.33l)
Cola1.csv,Charitea Mate (0.33l),https://cdn.orderlion.com/itemimages/_supplier_7JWbbFcM6nq2am6mM/_220824-0511_Hda9G3ZPb3gBiwkXp-small.jpg,charitea mate (0.33l)
Cola1.csv,"Charitea Mint Sugarfree (0,33l)",https://cdn.orderlion.com/itemimages/_supplier_7JWbbFcM6nq2am6mM/_250521-0947_FDKq2Ktjdq6j2hmPg-small.jpeg,"charitea mint sugarfree (0,33l)"
Cola1.csv,Charitea Red Tea (0.33l),https://cdn.orderlion.com/itemimages/_supplier_7JWbbFcM6nq2am6mM/_220824-0511_W7iRPkg6JQSuzbHtv-small.jpg,charitea red tea (0.33l)
Cola1.csv,Club Mate (0.33l),https://cdn.orderlion.com/itemimages/_supplier_7JWbbFcM6nq2am6mM/_221128-1921_pLNdqsd26zzcbSoXe-small.jpg,club mate (0.33l)
Cola1.csv,Club Mate (0.5l),https://cdn.orderlion.com/itemimages/_supplier_7JWbbFcM6nq2am6mM/_221128-2058_8mzv9zFsbteXi7gMc-small.jpg,club mate (0.5l)
Cola1.csv,Club Mate Cola (0.33l),https://cdn.orderlion.com/itemimages/_supplier_7JWbbFcM6nq2am6mM/_230201-2125_CEQtTeHFydvmTKH38-small.jpg,club mate cola (0.33l)
Cola1.csv,Club Mate Granatapfel (0.5l),https://cdn.orderlion.com/itemimages/_supplier_7JWbbFcM6nq2am6mM/_230201-1418_8Hgh98WSuj2ZLgWd4-small.jpg,club mate granatapfel (0.5l)
Cola1.csv,Club Mate Ice Tea (0.5l),https://cdn.orderlion.com/itemimages/_supplier_7JWbbFcM6nq2am6mM/_221128-2055_RxCHYAfbebWKbi8t3-small.jpg,club mate ice tea (0.5l)
Cola1.csv,"Club Mate Zero (20x0,5l)",https://cdn.orderlion.com/itemimages/_supplier_7JWbbFcM6nq2am6mM/_250521-0944_eBEcTrvQd9ZXfknXG-small.jpeg,"club mate zero (20x0,5l)"
Cola1.csv,Coca Cola (0.2l),https://cdn.orderlion.com/itemimages/_supplier_7JWbbFcM6nq2am6mM/_220602-1047_tG5XnZfZerfaNC2JY-small.jpg,coca cola (0.2l)
Cola1.csv,Coca Cola (0.33l),https://cdn.orderlion.com/itemimages/_supplier_7JWbbFcM6nq2am6mM/_220822-0349_zRtCJuLHtkDBh64nx-small.jpg,coca cola (0.33l)
Cola1.csv,Coca Cola (0.4l),https://cdn.orderlion.com/itemimages/_supplier_7JWbbFcM6nq2am6mM/_230818-1145_dDKT4A49Ncsi7uWpL-small.jpeg,coca cola (0.4l)
Cola1.csv,Coca Cola (0.5l),https://cdn.orderlion.com/itemimages/_supplier_7JWbbFcM6nq2am6mM/_231125-1013_2Qzzb9x8rwjCQ6XPS-small.jpeg,coca cola (0.5l)
Cola1.csv,Coca Cola BIB (10l),https://cdn.orderlion.com/itemimages/_supplier_7JWbbFcM6nq2am6mM/_230108-1745_uJnXqYRneAvGfPGj7-small.jpg,coca cola bib (10l)
Cola1.csv,Coca Cola BIB (20l),https://cdn.orderlion.com/itemimages/_supplier_7JWbbFcM6nq2am6mM/_230108-1746_FxqB2Pm6HfHh7NoFM-small.jpg,coca cola bib (20l)
Cola1.csv,Coca Cola BIB HIGH RATIO (10l),,coca cola bib high ratio (10l)
Cola1.csv,Coca Cola BIB HIGH RATIO (20l),,coca cola bib high ratio (20l)
Cola1.csv,Coca Cola Dose (0.33l),https://cdn.orderlion.com/itemimages/_supplier_7JWbbFcM6nq2am6mM/_230818-1145_4a7MJyzvuKcK3DQzv-small.jpeg,coca cola dose (0.33l)
Cola1.csv,Coca Cola GLAS (6x1l),https://cdn.orderlion.com/itemimages/_supplier_7JWbbFcM6nq2am6mM/_231213-1546_v2qBBjd6q6HcHmeJZ-small.jpeg,coca cola glas (6x1l)
Cola1.csv,Coca Cola PET (0.5l),https://cdn.orderlion.com/itemimages/_supplier_7JWbbFcM6nq2am6mM/_240126-1253_vSYqY26sBg6i3h5aE-small.jpeg,coca cola pet (0.5l)
Cola1.csv,Coca Cola PET (1l),https://cdn.orderlion.com/itemimages/_supplier_7JWbbFcM6nq2am6mM/_220602-1048_CTrMaZ25aqJbNbMD7-small.jpg,coca cola pet (1l)
Cola1.csv,Coca Cola light (0.4l),https://cdn.orderlion.com/itemimages/_supplier_7JWbbFcM6nq2am6mM/_230530-1405_ShRXn5hnMAevrtsaS-small.jpeg,coca cola light (0.4l)
Cola1.csv,Coca Cola light BIB HIGH RATIO (10l),,coca cola light bib high ratio (10l)
Cola1.csv,Coca Cola light taste (0.2l),https://cdn.orderlion.com/itemimages/_supplier_7JWbbFcM6nq2am6mM/_220829-1212_dbhgtDueGZbR2YSn9-small.jpg,coca cola light taste (0.2l)
Cola1.csv,Coca Cola light taste (0.33l),https://cdn.orderlion.com/itemimages/_supplier_7JWbbFcM6nq2am6mM/_220825-0412_ocPkTNqKYFNi2K3gb-small.jpg,coca cola light taste (0.33l)
Cola1.csv,Coca Cola light taste (0.5l),https://cdn.orderlion.com/itemimages/_supplier_7JWbbFcM6nq2am6mM/_231125-1014_8t5Njm7JDAS4MFmJo-small.jpeg,coca cola light taste (0.5l)
Cola1.csv,Coca Cola light taste BIB (10l),https://cdn.orderlion.com/itemimages/_supplier_7JWbbFcM6nq2am6mM/_230108-1749_5av7s9732w4oEu6yk-small.jpg,coca cola light taste bib (10l)
Cola1.csv,Coca Cola light taste PET (0.5l),https://cdn.orderlion.com/itemimages/_supplier_7JWbbFcM6nq2am6mM/_240126-1329_R7k5wnTynaA5jEZPr-small.jpeg,coca cola light taste pet (0.5l)
Cola1.csv,Coca Cola light taste PET (1l),https://cdn.orderlion.com/itemimages/_supplier_7JWbbFcM6nq2am6mM/_220602-1048_Jh2fcQg2WEp5djsJR-small.jpeg,coca cola light taste pet (1l)
Cola1.csv,Coca Cola zero (0.2l),https://cdn.orderlion.com/itemimages/_supplier_7JWbbFcM6nq2am6mM/_220602-1107_PAkS2eurBnNtKAbpF-small.jpg,coca cola zero (0.2l)
Cola1.csv,Coca Cola zero (0.33l),https://cdn.orderlion.com/itemimages/_supplier_7JWbbFcM6nq2am6mM/_220822-0349_DgAR7HSiz9tJoBEgv-small.jpg,coca cola zero (0.33l)
Cola1.csv,Coca Cola zero (0.4l),https://cdn.orderlion.com/itemimages/_supplier_7JWbbFcM6nq2am6mM/_230530-1406_pvYqyqduuc9DXcrWN-small.jpeg,coca cola zero (0.4l)
Cola1.csv,Coca Cola zero (0.5l),https://cdn.orderlion.com/itemimages/_supplier_7JWbbFcM6nq2am6mM/_230530-1407_eEQFHC56Tr4H5dQsT-small.jpeg,coca cola zero (0.5l)
Cola1.csv,Coca Cola zero BIB (10l),https://cdn.orderlion.com/itemimages/_supplier_7JWbbFcM6nq2am6mM/_230108-1744_wGznm3WLy3WQ5tTMA-small.jpg,coca cola zero bib (10l)
Cola1.csv,Coca Cola zero BIB HIGH RATIO (10l),,coca cola zero bib high ratio (10l)
Cola1.csv,Coca Cola zero Dose (0.33l),https://cdn.orderlion.com/itemimages/_supplier_7JWbbFcM6nq2am6mM/_221215-1657_7sxAZmF2nSjyeeqGC-small.jpg,coca cola zero dose (0.33l)
Cola1.csv,Coca Cola zero PET (0.5l),https://cdn.orderlion.com/itemimages/_supplier_7JWbbFcM6nq2am6mM/_240126-1328_6SHgv6W5ebhQTCPfb-small.jpeg,coca cola zero pet (0.5l)
Cola1.csv,Coca Cola zero PET (1l),https://cdn.orderlion.com/itemimages/_supplier_7JWbbFcM6nq2am6mM/_220818-0410_JBgcXK2ttE3sHi9DK-small.jpg,coca cola zero pet (1l)
Cola1.csv,"ColaMix - Kreuzberg Quelle (20x0,5l)",,"colamix - kreuzberg quelle (20x0,5l)"
Cola1.csv,Cucumis Gurke-Basilikum (0.33l),https://cdn.orderlion.com/itemimages/_supplier_7JWbbFcM6nq2am6mM/_221128-1847_7mNzi7atzcRSudvGK-small.jpg,cucumis gurke-basilikum (0.33l)
Cola1.csv,Cucumis Lavendel-Bergamotte (0.33l),https://cdn.orderlion.com/itemimages/_supplier_7JWbbFcM6nq2am6mM/_221128-1847_7vqpoZb4qjesnZHCE-small.jpg,cucumis lavendel-bergamotte (0.33l)
Cola1.csv,Deit Orange PET (1l),https://cdn.orderlion.com/itemimages/_supplier_7JWbbFcM6nq2am6mM/_230530-1407_gpSFHyRcjM75Rkv8F-small.jpeg,deit orange pet (1l)
Cola1.csv,Deit Pink Grape PET (1l),https://cdn.orderlion.com/itemimages/_supplier_7JWbbFcM6nq2am6mM/_230530-1407_78jLCZdzkoMsi2iF8-small.jpeg,deit pink grape pet (1l)
Cola1.csv,Dietz Grüner Tee Zitrone Ingwer (0.33l),https://cdn.orderlion.com/itemimages/_supplier_7JWbbFcM6nq2am6mM/_230530-1408_AKiAdy9rYezj6tSgf-small.jpeg,dietz grüner tee zitrone ingwer (0.33l)
Cola1.csv,"Dietz Matchatee Minze (20x0,33l)",https://cdn.orderlion.com/itemimages/_supplier_7JWbbFcM6nq2am6mM/_231125-1015_gFcmBjMFTEEZifRQ9-small.jpeg,"dietz matchatee minze (20x0,33l)"
Cola1.csv,Dietz Rooibos Tee Maracuja (0.33l),https://cdn.orderlion.com/itemimages/_supplier_7JWbbFcM6nq2am6mM/_230530-1408_MQhmxg4CrbG9o2ga9-small.jpeg,dietz rooibos tee maracuja (0.33l)
Cola1.csv,Dietz Schwarztee Cranberry (0.33l),https://cdn.orderlion.com/itemimages/_supplier_7JWbbFcM6nq2am6mM/_230530-1409_3EtdZHDpBX6hfMRTH-small.jpeg,dietz schwarztee cranberry (0.33l)
Gin.csv,Cherryblossom Classic Gin (0.5l),https://cdn.orderlion.com/itemimages/_supplier_7JWbbFcM6nq2am6mM/_230201-2119_6z7yFkBtXLztKYJNJ-small.jpg,cherryblossom classic gin (0.5l)
Gin.csv,Citadelle Gin (0.7l),https://cdn.orderlion.com/itemimages/_supplier_7JWbbFcM6nq2am6mM/_221205-1916_Z9ZReoMHD3hT4QM2k-small.jpg,citadelle gin (0.7l)
Gin.csv,Copperhead Gin (0.5l),https://cdn.orderlion.com/itemimages/_supplier_7JWbbFcM6nq2am6mM/_230425-0654_WxT97YJMMwYtL6DFH-small.jpg,copperhead gin (0.5l)
Gin.csv,Costoluto Wunderburg Orange,https://cdn.orderlion.com/itemimages/_supplier_7JWbbFcM6nq2am6mM/_221220-1345_a9xwKsRy3Bxg27STj-small.jpg,costoluto wunderburg orange
Gin.csv,Costoluto Wunderburg Pink Gin,https://cdn.orderlion.com/itemimages/_supplier_7JWbbFcM6nq2am6mM/_221220-1353_kDZZ2Le3APsJDcNe4-small.jpg,costoluto wunderburg pink gin
Gin.csv,Crafters Gin (0.7l),https://cdn.orderlion.com/itemimages/_supplier_7JWbbFcM6nq2am6mM/_230425-0655_96aTKqMJnnGa67794-small.jpg,crafters gin (0.7l)
Gin.csv,DOL Gin (0.5l),https://cdn.orderlion.com/itemimages/_supplier_7JWbbFcM6nq2am6mM/_230425-0655_DqRxtBYtwyxonhmBX-small.jpg,dol gin (0.5l)
Gin.csv,Delirium Pfalz Gin (0.5l),https://cdn.orderlion.com/itemimages/_supplier_7JWbbFcM6nq2am6mM/_230425-0655_x7Egb6Wz3tTrbMwCT-small.jpg,delirium pfalz gin (0.5l)
Gin.csv,Dictador Colombian Orthodoxy Aged (0.7l),https://cdn.orderlion.com/itemimages/_supplier_7JWbbFcM6nq2am6mM/_221205-1918_jCxzukJ9pvX2uYoRJ-small.jpg,dictador colombian orthodoxy aged (0.7l)
Gin.csv,Dictador Colombian Treasure Aged (0.7l),https://cdn.orderlion.com/itemimages/_supplier_7JWbbFcM6nq2am6mM/_230425-0656_fA6CxuFx8bzGijEds-small.jpg,dictador colombian treasure aged (0.7l)
Grappa.csv,Chateau du Breuil 15years (0.7l),https://cdn.orderlion.com/itemimages/_supplier_7JWbbFcM6nq2am6mM/_230505-0652_cW4jbXKMHW3ztxuyH-small.jpg,chateau du breuil 15years (0.7l)
Grappa.csv,Chateau du Breuil 8years (0.7l),https://cdn.orderlion.com/itemimages/_supplier_7JWbbFcM6nq2am6mM/_230505-0653_SoGTXrBSodFaHPMCP-small.jpg,chateau du breuil 8years (0.7l)
Grappa.csv,Chateau du Breuil VSOP (0.7l),https://cdn.orderlion.com/itemimages/_supplier_7JWbbFcM6nq2am6mM/_230505-0653_4hMMS5DhR3RcpLMu6-small.jpg,chateau du breuil vsop (0.7l)
Grappa.csv,Chateau du Breuil XO (0.7l),https://cdn.orderlion.com/itemimages/_supplier_7JWbbFcM6nq2am6mM/_230505-0653_GKnYLzdWsJ3K2oh6L-small.jpg,chateau du breuil xo (0.7l)
Kaffee.csv,ChariTea African Earl Grey 6x10,https://cdn.orderlion.com/itemimages/_supplier_7JWbbFcM6nq2am6mM/_220603-0908_LoqSNPjuR4DSaDk8Y-small.png,charitea african earl grey 6x10
Kaffee.csv,ChariTea Arabian Mint 6x10,https://cdn.orderlion.com/itemimages/_supplier_7JWbbFcM6nq2am6mM/_230121-1052_wNi2qY5Mx6se8stn3-small.png,charitea arabian mint 6x10
Kaffee.csv,ChariTea Black Darjeeling 6x10,https://cdn.orderlion.com/itemimages/_supplier_7JWbbFcM6nq2am6mM/_230121-1053_bHSieuL5n2tNkewEE-small.png,charitea black darjeeling 6x10
Kaffee.csv,ChariTea Chamomille 6x9,https://cdn.orderlion.com/itemimages/_supplier_7JWbbFcM6nq2am6mM/_230121-1054_Yixei6MFKQb632vT4-small.jpg,charitea chamomille 6x9
Kaffee.csv,ChariTea Clean Green 6x10,https://cdn.orderlion.com/itemimages/_supplier_7JWbbFcM6nq2am6mM/_230121-1054_jmmitGHeGfRnKuXNk-small.png,charitea clean green 6x10
Kaffee.csv,ChariTea Ginger Lemon 6x10,https://cdn.orderlion.com/itemimages/_supplier_7JWbbFcM6nq2am6mM/_230121-1055_qKMkBRsh38g62sFyC-small.png,charitea ginger lemon 6x10
Kaffee.csv,ChariTea Green Himalaya 6x10,https://cdn.orderlion.com/itemimages/_supplier_7JWbbFcM6nq2am6mM/_230121-1055_L35cYpXZk2CygwBoF-small.png,charitea green himalaya 6x10
Kaffee.csv,ChariTea Happy Belly 6x10,https://cdn.orderlion.com/itemimages/_supplier_7JWbbFcM6nq2am6mM/_230201-2117_Kz3oNRfEoXiSZxnCi-small.png,charitea happy belly 6x10
Kaffee.csv,ChariTea Masala Chai 6x10,https://cdn.orderlion.com/itemimages/_supplier_7JWbbFcM6nq2am6mM/_230201-2117_Qv2eLWuqpqMwSsLtm-small.png,charitea masala chai 6x10
Kaffee.csv,ChariTea Red Rooibos 6x10,https://cdn.orderlion.com/itemimages/_supplier_7JWbbFcM6nq2am6mM/_230201-2118_JC8fbyZPTzou6hueD-small.jpg,charitea red rooibos 6x10
Kaffee.csv,ChariTea Wild Fruit 6x10,https://cdn.orderlion.com/itemimages/_supplier_7JWbbFcM6nq2am6mM/_230201-2119_y2PtffZYGWvy5sbxo-small.png,charitea wild fruit 6x10
Kaffee.csv,Coatina Kakaopulver weiß 500g,https://cdn.orderlion.com/itemimages/_supplier_7JWbbFcM6nq2am6mM/_220822-0349_dkieTLRn4zi8J76Bf-small.png,coatina kakaopulver weiß 500g
Likör.csv,Chambord Royal (0.5l),https://cdn.orderlion.com/itemimages/_supplier_7JWbbFcM6nq2am6mM/_221128-2057_PEbGj79q385x3ux6z-small.jpg,chambord royal (0.5l)
Likör.csv,Chartreuse Gelb (0.7l),https://cdn.orderlion.com/itemimages/_supplier_7JWbbFcM6nq2am6mM/_221128-2057_8dvre4fRrQyRebrZR-small.jpg,chartreuse gelb (0.7l)
Likör.csv,Chartreuse Grün (0.7l),https://cdn.orderlion.com/itemimages/_supplier_7JWbbFcM6nq2am6mM/_221128-2058_XWSEi4dAvziMp8L3h-small.jpg,chartreuse grün (0.7l)
Likör.csv,Cherry Brandy Hausmarke (1l),https://cdn.orderlion.com/itemimages/_supplier_7JWbbFcM6nq2am6mM/_220829-0945_gQpQ697vgvCApkLna-small.jpg,cherry brandy hausmarke (1l)
Likör.csv,Cherry Heering (0.7l),https://cdn.orderlion.com/itemimages/_supplier_7JWbbFcM6nq2am6mM/_220816-0940_j2ZNY2munDGFag6eM-small.jpg,cherry heering (0.7l)
Likör.csv,Cointreau (0.35l),https://cdn.orderlion.com/itemimages/_supplier_7JWbbFcM6nq2am6mM/_220818-0436_htCNAqTBKDQQ7ZQqZ-small.jpg,cointreau (0.35l)
Likör.csv,Cointreau (0.7l),https://cdn.orderlion.com/itemimages/_supplier_7JWbbFcM6nq2am6mM/_220818-0437_i3QHcxgvY3EfoWfDf-small.jpg,cointreau (0.7l)
Likör.csv,Cointreau (1l),https://cdn.orderlion.com/itemimages/_supplier_7JWbbFcM6nq2am6mM/_220818-0435_7cyRFNSjsTEG6x5EZ-small.jpg,cointreau (1l)
Likör.csv,"Cointreau Noir (0,7l)",https://cdn.orderlion.com/itemimages/_supplier_7JWbbFcM6nq2am6mM/_240523-1026_idmnbm6ehEGZzxQFz-small.jpeg,"cointreau noir (0,7l)"
Likör.csv,De Kuyper Apricot Brandy (0.7l),https://cdn.orderlion.com/itemimages/_supplier_7JWbbFcM6nq2am6mM/_230223-2049_LEucjS3tDha5usMFm-small.jpg,de kuyper apricot brandy (0.7l)
Likör.csv,De Kuyper Blue Curacao (0.7l),https://cdn.orderlion.com/itemimages/_supplier_7JWbbFcM6nq2am6mM/_230223-2049_uzjuzx6zyMGHs7hm2-small.jpg,de kuyper blue curacao (0.7l)
Likör.csv,De Kuyper Créme de Cacao weiß (0.7l),https://cdn.orderlion.com/itemimages/_supplier_7JWbbFcM6nq2am6mM/_230425-1156_2tmjN2dxdihG6g8TJ-small.jpg,de kuyper créme de cacao weiß (0.7l)
Likör.csv,De Kuyper Grenadine (0.7l),https://cdn.orderlion.com/itemimages/_supplier_7JWbbFcM6nq2am6mM/_230425-1156_pftfLryjN4hpTZSKM-small.jpg,de kuyper grenadine (0.7l)
Likör.csv,De Kuyper Melon (0.7l),https://cdn.orderlion.com/itemimages/_supplier_7JWbbFcM6nq2am6mM/_230425-1156_3BkJQ7MXBMYzgr6Q5-small.jpg,de kuyper melon (0.7l)
Likör.csv,"De Kuyper Pineapple (0,7l)",https://cdn.orderlion.com/itemimages/_supplier_7JWbbFcM6nq2am6mM/_250512-1145_woT9bmXAnuPGsTQWf-small.jpeg,"de kuyper pineapple (0,7l)"
Likör.csv,De Kuyper Sour Rhubarb (0.7l),https://cdn.orderlion.com/itemimages/_supplier_7JWbbFcM6nq2am6mM/_230425-1157_ADjzZTaCxT9s8Ayat-small.jpg,de kuyper sour rhubarb (0.7l)
Likör.csv,De Kuyper Triple Sec (0.7l),https://cdn.orderlion.com/itemimages/_supplier_7JWbbFcM6nq2am6mM/_230223-2050_9akFwxyPEhA2PTGMF-small.jpg,de kuyper triple sec (0.7l)
Likör.csv,De Kuyper Watermelon (0.7l),https://cdn.orderlion.com/itemimages/_supplier_7JWbbFcM6nq2am6mM/_230425-1157_7a2KdX5CK3XmLS8CT-small.jpg,de kuyper watermelon (0.7l)
Likör.csv,Di Saronno Amaretto (0.7l),https://cdn.orderlion.com/itemimages/_supplier_7JWbbFcM6nq2am6mM/_220818-0409_A35xfC7zvuqNxhnkp-small.jpg,di saronno amaretto (0.7l)
Likör.csv,Di Saronno Amaretto (1l),https://cdn.orderlion.com/itemimages/_supplier_7JWbbFcM6nq2am6mM/_220818-0409_aD6Gv6f5jnQM8ywYi-small.jpg,di saronno amaretto (1l)
Obstbrände aus Franken.csv,Daniel Then - Haselnuss (0.5l),https://cdn.orderlion.com/itemimages/_supplier_7JWbbFcM6nq2am6mM/_231207-0914_mRFvf5XSgj9wZN9Dj-small.jpeg,daniel then - haselnuss (0.5l)
Obstbrände aus Franken.csv,Daniel Then - Hefebrand (0.5l),https://cdn.orderlion.com/itemimages/_supplier_7JWbbFcM6nq2am6mM/_231208-0838_gF7ifzphqTB7uNSgB-small.jpeg,daniel then - hefebrand (0.5l)
Obstbrände aus Franken.csv,Daniel Then - Mirabelle (0.7l),https://cdn.orderlion.com/itemimages/_supplier_7JWbbFcM6nq2am6mM/_231208-0838_mzf6wLKh6Ef8yn2sD-small.jpeg,daniel then - mirabelle (0.7l)
Obstbrände aus Franken.csv,Daniel Then - Quitte (0.5l),https://cdn.orderlion.com/itemimages/_supplier_7JWbbFcM6nq2am6mM/_231208-0839_Cbps33c6Y2cRYHAn7-small.jpeg,daniel then - quitte (0.5l)
Obstbrände aus Franken.csv,Daniel Then - Trester (0.7l),https://cdn.orderlion.com/itemimages/_supplier_7JWbbFcM6nq2am6mM/_231208-0839_CdRR2GeynpiYh5qsa-small.jpeg,daniel then - trester (0.7l)
Obstbrände aus Franken.csv,Daniel Then - Trester im Holzfass (0.5l),https://cdn.orderlion.com/itemimages/_supplier_7JWbbFcM6nq2am6mM/_231208-0839_E9t4gi8fnPyoCx5ie-small.jpeg,daniel then - trester im holzfass (0.5l)
Obstbrände aus Franken.csv,Daniel Then - Weinbergpfirsich (0.5l),https://cdn.orderlion.com/itemimages/_supplier_7JWbbFcM6nq2am6mM/_231208-0839_6j8q3B5bwiukhSWwy-small.jpeg,daniel then - weinbergpfirsich (0.5l)
Obstbrände aus Franken.csv,Daniel Then - Williamsbirne (0.7l),https://cdn.orderlion.com/itemimages/_supplier_7JWbbFcM6nq2am6mM/_230530-1351_hEG5x8WLgMZFdSzM4-small.jpeg,daniel then - williamsbirne (0.7l)
Obstbrände aus Franken.csv,Daniel Then - Zwetschge (0.7l),https://cdn.orderlion.com/itemimages/_supplier_7JWbbFcM6nq2am6mM/_231208-0839_bZE7FmZGMroxPA2XP-small.jpeg,daniel then - zwetschge (0.7l)
Portwein.csv,Delaforce Fine Ruby Port (0.75l),https://cdn.orderlion.com/itemimages/_supplier_7JWbbFcM6nq2am6mM/_230505-0745_Q5GhRxKNc6AF4HaSP-small.jpg,delaforce fine ruby port (0.75l)
Portwein.csv,Delaforce Fine White Port (0.75l),https://cdn.orderlion.com/itemimages/_supplier_7JWbbFcM6nq2am6mM/_230510-0727_7doj2MSy3LAzTarWn-small.jpeg,delaforce fine white port (0.75l)
Rum.csv,Companero Ron Extra Anejo (0.7l),https://cdn.orderlion.com/itemimages/_supplier_7JWbbFcM6nq2am6mM/_230502-0711_vZaffEZPRkrxnKgap-small.jpg,companero ron extra anejo (0.7l)
Rum.csv,Dead Head Dark Chocolate (0.7l),https://cdn.orderlion.com/itemimages/_supplier_7JWbbFcM6nq2am6mM/_230502-0711_j5vh5mb9rsETKCTmR-small.jpg,dead head dark chocolate (0.7l)
Rum.csv,Dead Head Rum 6 J. (0.7l),https://cdn.orderlion.com/itemimages/_supplier_7JWbbFcM6nq2am6mM/_230502-0712_FgPnGXy9HxjmRiqsB-small.jpg,dead head rum 6 j. (0.7l)
Rum.csv,Dictador 12years (0.7l),https://cdn.orderlion.com/itemimages/_supplier_7JWbbFcM6nq2am6mM/_230502-0712_BPxmvDizQuB7NeEg9-small.jpg,dictador 12years (0.7l)
Rum.csv,Dictador 20years (0.7l),https://cdn.orderlion.com/itemimages/_supplier_7JWbbFcM6nq2am6mM/_230502-0712_dewf69aGpWrfdN2BA-small.jpg,dictador 20years (0.7l)
Saft.csv,Dietz Ananas (6x1l),https://cdn.orderlion.com/itemimages/_supplier_7JWbbFcM6nq2am6mM/_240517-1434_SjPhav5CYdXgJs6Px-small.jpeg,dietz ananas (6x1l)
Saft.csv,Dietz Mango (6x1l),https://cdn.orderlion.com/itemimages/_supplier_7JWbbFcM6nq2am6mM/_240517-1442_G432DWr2tEFT5gaTs-small.jpeg,dietz mango (6x1l)
Saft.csv,Dietz Maracuja (6x1l),https://cdn.orderlion.com/itemimages/_supplier_7JWbbFcM6nq2am6mM/_240517-1427_C6SFGgeiEdkJb7sJw-small.jpeg,dietz maracuja (6x1l)
Saft.csv,Dietz Sauerkirsch (6x1l),https://cdn.orderlion.com/itemimages/_supplier_7JWbbFcM6nq2am6mM/_250521-0943_jABJc5ApLs89yCzHm-small.jpeg,dietz sauerkirsch (6x1l)
Saft.csv,Dietz Traube rot (6x1l),https://cdn.orderlion.com/itemimages/_supplier_7JWbbFcM6nq2am6mM/_240517-1430_PnYFt6LGRn6NNrkMD-small.jpeg,dietz traube rot (6x1l)
Saft.csv,Dietz schwarze Johannisbeere (6x1l),https://cdn.orderlion.com/itemimages/_supplier_7JWbbFcM6nq2am6mM/_240517-1446_heHScdmsRnuK3Lf4u-small.jpeg,dietz schwarze johannisbeere (6x1l)
Schaumwein.csv,Chandon Garden Spritz (0.75l),https://cdn.orderlion.com/itemimages/_supplier_7JWbbFcM6nq2am6mM/_220829-1438_JGtkKgBQef8JS6s7Z-small.jpg,chandon garden spritz (0.75l)
Schaumwein.csv,Château Martinolles - Crémant de Limoux AOP(0.75l),https://cdn.orderlion.com/itemimages/_supplier_7JWbbFcM6nq2am6mM/_230512-0739_oQQR9exY34PLYH5x4-small.jpeg,château martinolles - crémant de limoux aop(0.75l)
Schaumwein.csv,"Château Martinolles - Eglise St Martin AOP Blanquette de Limoux Brut (0,75l)",https://cdn.orderlion.com/itemimages/_supplier_7JWbbFcM6nq2am6mM/_240402-1024_vGCuJCAPwimBNzXv9-small.jpeg,"château martinolles - eglise st martin aop blanquette de limoux brut (0,75l)"
Schaumwein.csv,Cinzano - Asti (0.2l),https://cdn.orderlion.com/itemimages/_supplier_7JWbbFcM6nq2am6mM/_230512-0739_MTznRf84q2qaLQXHg-small.jpeg,cinzano - asti (0.2l)
Schaumwein.csv,Cinzano - Asti (0.75l),https://cdn.orderlion.com/itemimages/_supplier_7JWbbFcM6nq2am6mM/_230201-2121_ndh6M5H5E4Rd3Wct7-small.png,cinzano - asti (0.75l)
Schaumwein.csv,Colli Vicentini - Rosé Frizzante (0.75l),https://cdn.orderlion.com/itemimages/_supplier_7JWbbFcM6nq2am6mM/_220818-0343_E3wJEdf7Mddioec8P-small.png,colli vicentini - rosé frizzante (0.75l)
Schaumwein.csv,"Copenhagen ""Gron Organic"" Sparkling Tea (0,75l)",https://cdn.orderlion.com/itemimages/_supplier_7JWbbFcM6nq2am6mM/_230512-0741_9BLjcZAn3tS7t9K6Z-small.jpeg,"copenhagen ""gron organic"" sparkling tea (0,75l)"
Schaumwein.csv,"Copenhagen ""Bla"" Sparkling Tea (0,75l)",https://cdn.orderlion.com/itemimages/_supplier_7JWbbFcM6nq2am6mM/_221130-1637_xHCr2c6WdZ3Z8ASKy-small.png,"copenhagen ""bla"" sparkling tea (0,75l)"
Schaumwein.csv,"Copenhagen ""Lysegron"" SparklingTea",https://cdn.orderlion.com/itemimages/_supplier_7JWbbFcM6nq2am6mM/_240419-1557_d9shi8A7CFxz2ga8n-small.jpeg,"copenhagen ""lysegron"" sparklingtea"
Schaumwein.csv,"Copenhagen ""Lyserod"" Sparkling Tea (0,75l)",https://cdn.orderlion.com/itemimages/_supplier_7JWbbFcM6nq2am6mM/_221130-1655_f9YTgfoZwjnpMGqoe-small.jpeg,"copenhagen ""lyserod"" sparkling tea (0,75l)"
Schaumwein.csv,"Copenhagen ""Rod Organic"" Sparkling Tea (0,75l)",https://cdn.orderlion.com/itemimages/_supplier_7JWbbFcM6nq2am6mM/_221130-1703_WeuDiRnqPimzezacd-small.jpeg,"copenhagen ""rod organic"" sparkling tea (0,75l)"
Schaumwein.csv,"Copenhagen ""Vinter Organic"" Sparkling Tea (0,75l)",https://cdn.orderlion.com/itemimages/_supplier_7JWbbFcM6nq2am6mM/_221130-1705_giFj7XYy4jAkZziwA-small.jpeg,"copenhagen ""vinter organic"" sparkling tea (0,75l)"
Schaumwein.csv,Crudo - Prosecco Spumante (0.75l),https://cdn.orderlion.com/itemimages/_supplier_7JWbbFcM6nq2am6mM/_230512-0742_MBvgTBsiGJQCjBb7m-small.jpeg,crudo - prosecco spumante (0.75l)
Schaumwein.csv,"Delmas - Crémant de Limoux Brut (0,75l)",,"delmas - crémant de limoux brut (0,75l)"
Sirup.csv,Desmond's Lemon Squash (0.75l),https://cdn.orderlion.com/itemimages/_supplier_7JWbbFcM6nq2am6mM/_230124-0540_XjBKCJsfB3ARDRq24-small.jpg,desmond's lemon squash (0.75l)
Sirup.csv,Desmond's Lime Juice (0.75l),https://cdn.orderlion.com/itemimages/_supplier_7JWbbFcM6nq2am6mM/_220602-1108_ExH7GYT4KhuBXrqaw-small.jpg,desmond's lime juice (0.75l)
Tequila.csv,Cazadores Blanco (0.7l),https://cdn.orderlion.com/itemimages/_supplier_7JWbbFcM6nq2am6mM/_220829-1437_YamPi8M9XEKKbtmAT-small.jpg,cazadores blanco (0.7l)
Tequila.csv,Cazadores Reposado (0.7l),https://cdn.orderlion.com/itemimages/_supplier_7JWbbFcM6nq2am6mM/_220829-1437_neA6XnCmCqvFcusME-small.jpg,cazadores reposado (0.7l)
Tequila.csv,"Clase Azul Anjeo (0,7l)",https://cdn.orderlion.com/itemimages/_supplier_7JWbbFcM6nq2am6mM/_250214-1438_a8qnjQZnNk3s6cRoy-small.jpeg,"clase azul anjeo (0,7l)"
Tequila.csv,"Clase Azul Gold (0,7l)",https://cdn.orderlion.com/itemimages/_supplier_7JWbbFcM6nq2am6mM/_250214-1439_PyydMXJQhEr5oWte2-small.jpeg,"clase azul gold (0,7l)"
Tequila.csv,"Clase Azul Mezcal Durango (0,7lL",https://cdn.orderlion.com/itemimages/_supplier_7JWbbFcM6nq2am6mM/_250214-1439_eFaR2ipj4EzcMtnJP-small.jpeg,"clase azul mezcal durango (0,7ll"
Tequila.csv,"Clase Azul Mezcal Guerrero (0,7l)",https://cdn.orderlion.com/itemimages/_supplier_7JWbbFcM6nq2am6mM/_250214-1439_3PpNrHMmwi2ANJXwW-small.jpeg,"clase azul mezcal guerrero (0,7l)"
Tequila.csv,"Clase Azul Mezcal San Luis Potosí (0,7l)",https://cdn.orderlion.com/itemimages/_supplier_7JWbbFcM6nq2am6mM/_250214-1439_JwX9oaECdmceTqaRp-small.jpeg,"clase azul mezcal san luis potosí (0,7l)"
Tequila.csv,"Clase Azul Plata (0,7l)",https://cdn.orderlion.com/itemimages/_supplier_7JWbbFcM6nq2am6mM/_250214-1439_gSPcHfuRYF56xmQrz-small.jpeg,"clase azul plata (0,7l)"
Tequila.csv,"Clase Azul Reposado (0,5l)",https://cdn.orderlion.com/itemimages/_supplier_7JWbbFcM6nq2am6mM/_250214-1439_BRRS4xwXaYEmGKZt4-small.jpeg,"clase azul reposado (0,5l)"
Tequila.csv,"Clase Azul Reposado (0,7l)",https://cdn.orderlion.com/itemimages/_supplier_7JWbbFcM6nq2am6mM/_250214-1440_ShPokWeqFDkGYiRko-small.jpeg,"clase azul reposado (0,7l)"
Tequila.csv,"Clase Azul Reposado (1,75l)",https://cdn.orderlion.com/itemimages/_supplier_7JWbbFcM6nq2am6mM/_250214-1440_qKszQ9rsZ4QPoEdqd-small.jpeg,"clase azul reposado (1,75l)"
Tequila.csv,"Clase Azul Ultra Anejo (0,7l)",https://cdn.orderlion.com/itemimages/_supplier_7JWbbFcM6nq2am6mM/_250214-1440_pwXQCkGmFCDr22nb3-small.jpeg,"clase azul ultra anejo (0,7l)"
Vodka.csv,"Chopin Wheat Vodka (0,75l)",https://cdn.orderlion.com/itemimages/_supplier_7JWbbFcM6nq2am6mM/_240825-1146_Mfk5h99uRoej4jSeZ-small.jpeg,"chopin wheat vodka (0,75l)"
Vodka.csv,Ciroc Vodka (0.7l),https://cdn.orderlion.com/itemimages/_supplier_7JWbbFcM6nq2am6mM/_220825-0525_fZwKaSjD6a83x3MnJ-small.jpg,ciroc vodka (0.7l)
Vodka.csv,Ciroc Vodka (1.75l),https://cdn.orderlion.com/itemimages/_supplier_7JWbbFcM6nq2am6mM/_221205-2108_meNHfWTRjT95wNCfK-small.jpg,ciroc vodka (1.75l)
Vodka.csv,Ciroc Vodka (3l),https://cdn.orderlion.com/itemimages/_supplier_7JWbbFcM6nq2am6mM/_221205-2109_Cshc7EfagJB47kBwJ-small.jpg,ciroc vodka (3l)
Vodka.csv,Ciroc Vodka Coconut (0.7l),https://cdn.orderlion.com/itemimages/_supplier_7JWbbFcM6nq2am6mM/_220602-1047_4s4Ba4P659jcbxwBt-small.png,ciroc vodka coconut (0.7l)
Vodka.csv,Ciroc Vodka Peach (0.7l),https://cdn.orderlion.com/itemimages/_supplier_7JWbbFcM6nq2am6mM/_221205-2109_Bs36Bk4dMDWBoduWX-small.jpg,ciroc vodka peach (0.7l)
Vodka.csv,Ciroc Vodka Red Berry (0.7l),https://cdn.orderlion.com/itemimages/_supplier_7JWbbFcM6nq2am6mM/_221205-2109_pukws24sr3zAPtWbR-small.jpg,ciroc vodka red berry (0.7l)
Vodka.csv,Crystal Head Vodka (0.7l),https://cdn.orderlion.com/itemimages/_supplier_7JWbbFcM6nq2am6mM/_221205-2110_LYNnggDck87geedsN-small.jpg,crystal head vodka (0.7l)
Wein1.csv,Caves d'Esclans - Whispering Angel (1.5l),https://cdn.orderlion.com/itemimages/_supplier_7JWbbFcM6nq2am6mM/_230516-0509_soc3GhrkF9DzZsRHx-small.png,caves d'esclans - whispering angel (1.5l)
Wein1.csv,Caves d'Esclans - Whispering Angel (3l),https://cdn.orderlion.com/itemimages/_supplier_7JWbbFcM6nq2am6mM/_230516-0510_PuqXNGE6ijJibQ3PP-small.jpg,caves d'esclans - whispering angel (3l)
Wein1.csv,Caves d'Esclans - Whispering Angel (6l),https://cdn.orderlion.com/itemimages/_supplier_7JWbbFcM6nq2am6mM/_230516-0514_nXq6Qt7TLYZHxX7WA-small.jpg,caves d'esclans - whispering angel (6l)
Wein1.csv,Caves d'Esclans - Whispering Angel (9l),https://cdn.orderlion.com/itemimages/_supplier_7JWbbFcM6nq2am6mM/_230516-0511_w88aBL9o8XbKrK6tK-small.jpg,caves d'esclans - whispering angel (9l)
Wein1.csv,"Chateau Sainte Marguerite - Maison Sainte Marguerite Rosé (0,75l)",https://cdn.orderlion.com/itemimages/_supplier_7JWbbFcM6nq2am6mM/_250521-0950_sDSrYBos43cGb2a4o-small.jpeg,"chateau sainte marguerite - maison sainte marguerite rosé (0,75l)"
Wein1.csv,"Chateau Sainte Marguerite - Maison Sainte Marguerite Rosé (1,5l)",https://cdn.orderlion.com/itemimages/_supplier_7JWbbFcM6nq2am6mM/_250521-0952_yPtz2xMdHj2TdFmwi-small.jpeg,"chateau sainte marguerite - maison sainte marguerite rosé (1,5l)"
Wein1.csv,Chateau Sainte Marguerite - Maison Sainte Marguerite Rosé (3l),,chateau sainte marguerite - maison sainte marguerite rosé (3l)
Wein1.csv,Château Arrogant Frog - Blanc (0.75l),https://cdn.orderlion.com/itemimages/_supplier_7JWbbFcM6nq2am6mM/_221128-2117_cXf56pv8WRJJboJyz-small.jpg,château arrogant frog - blanc (0.75l)
Wein1.csv,Château Arrogant Frog - Rouge (0.75l),https://cdn.orderlion.com/itemimages/_supplier_7JWbbFcM6nq2am6mM/_240402-1232_Bth3dAaRZY2FnKGX9-small.jpeg,château arrogant frog - rouge (0.75l)
Wein1.csv,"Château Beuvillage ""Medoc"" 0,75l",https://cdn.orderlion.com/itemimages/_supplier_7JWbbFcM6nq2am6mM/_230130-0914_WskoTTXZvMmYYsumR-small.png,"château beuvillage ""medoc"" 0,75l"
Wein1.csv,Château Duhart-Milon - Pauillac Cru (0.75l),https://cdn.orderlion.com/itemimages/_supplier_7JWbbFcM6nq2am6mM/_231207-1420_GdiCibEvtTmdTN75C-small.jpeg,château duhart-milon - pauillac cru (0.75l)
Wein1.csv,Château Fontesteau - Haut-Médoc (0.75l),https://cdn.orderlion.com/itemimages/_supplier_7JWbbFcM6nq2am6mM/_231207-1420_PyWn3guKBFEgYziKr-small.jpeg,château fontesteau - haut-médoc (0.75l)
Wein1.csv,"Château Galoupet - G de Galoupet Rose (0,75l)",https://cdn.orderlion.com/itemimages/_supplier_7JWbbFcM6nq2am6mM/_250424-1427_CJE6Xtq7GdqN4TCum-small.jpeg,"château galoupet - g de galoupet rose (0,75l)"
Wein1.csv,"Château Galoupet - Rosé (0,75l)",https://cdn.orderlion.com/itemimages/_supplier_7JWbbFcM6nq2am6mM/_230516-0513_dydcHt2uopQYz2o7D-small.jpg,"château galoupet - rosé (0,75l)"
Wein1.csv,Château Gazin Rocquencourt - (0.75l),https://cdn.orderlion.com/itemimages/_supplier_7JWbbFcM6nq2am6mM/_231207-1424_XZnPEXvNdo9phim4A-small.jpeg,château gazin rocquencourt - (0.75l)
Wein1.csv,Château Gazin Rocquencourt - (0.75l),https://cdn.orderlion.com/itemimages/_supplier_7JWbbFcM6nq2am6mM/_231207-1421_uwX2Gn4gDuGfuLniA-small.jpeg,château gazin rocquencourt - (0.75l)
Wein1.csv,Château Jean Faure - Saint-Émilion (0.75l),https://cdn.orderlion.com/itemimages/_supplier_7JWbbFcM6nq2am6mM/_231207-1426_RZm7hSG6TwdTXR2Bx-small.jpeg,château jean faure - saint-émilion (0.75l)
Wein1.csv,Château Lagrange à Pomerol- Pomerol (0.75l),https://cdn.orderlion.com/itemimages/_supplier_7JWbbFcM6nq2am6mM/_231207-1426_W9atjr7TrBy2omAqp-small.jpeg,château lagrange à pomerol- pomerol (0.75l)
Wein1.csv,Château Marquis de Terme - Margaux (0.75l),https://cdn.orderlion.com/itemimages/_supplier_7JWbbFcM6nq2am6mM/_231207-1427_fCJMchS6wjMX7ZMbX-small.jpeg,château marquis de terme - margaux (0.75l)
Wein1.csv,"Château Martinolles - Rosé Crémant de Limoux Brut AOP 0,75l",https://cdn.orderlion.com/itemimages/_supplier_7JWbbFcM6nq2am6mM/_230515-0940_KkuwYNmMvHtSkKobb-small.jpeg,"château martinolles - rosé crémant de limoux brut aop 0,75l"
Wein1.csv,Château Minuty - Château Minuty 281 (0.75l),https://cdn.orderlion.com/itemimages/_supplier_7JWbbFcM6nq2am6mM/_230516-0513_Bvxmp689Xpq9DciNB-small.jpg,château minuty - château minuty 281 (0.75l)
Wein1.csv,"Château Minuty - M (0,75l)",https://cdn.orderlion.com/itemimages/_supplier_7JWbbFcM6nq2am6mM/_240520-1505_pgxzHYvNHeChTWsH5-small.jpeg,"château minuty - m (0,75l)"
Wein1.csv,"Château Minuty - Rose et Or (0,75)",https://cdn.orderlion.com/itemimages/_supplier_7JWbbFcM6nq2am6mM/_240520-1513_QJGJZrvvra4SJcRRs-small.jpeg,"château minuty - rose et or (0,75)"
Wein1.csv,Château Miraval - Miraval Rosé (0.75l),https://cdn.orderlion.com/itemimages/_supplier_7JWbbFcM6nq2am6mM/_220815-0924_urSYAoYRX84xFEsZ7-small.png,château miraval - miraval rosé (0.75l)
Wein1.csv,Château Miraval - Miraval Rosé (1.5l),https://cdn.orderlion.com/itemimages/_supplier_7JWbbFcM6nq2am6mM/_230516-0513_7GkWPyFMpooD8CvhW-small.jpg,château miraval - miraval rosé (1.5l)
Wein1.csv,Château Miraval - Miraval Rosé (3l),https://cdn.orderlion.com/itemimages/_supplier_7JWbbFcM6nq2am6mM/_230516-0512_quvLXScjeH42yt3Fi-small.png,château miraval - miraval rosé (3l)
Wein1.csv,Château Miraval - Studio by Miraval (0.75l),https://cdn.orderlion.com/itemimages/_supplier_7JWbbFcM6nq2am6mM/_220815-0926_Mg6feehWZXkiy7Yjo-small.jpg,château miraval - studio by miraval (0.75l)
Wein1.csv,Château Phélan Ségur- Saint-Estèphe (0.75l),https://cdn.orderlion.com/itemimages/_supplier_7JWbbFcM6nq2am6mM/_231207-1427_KtGrA4XqvsYNfGopt-small.jpeg,château phélan ségur- saint-estèphe (0.75l)
Wein1.csv,Château Pigoudet - Première Rosé (0.75l),https://cdn.orderlion.com/itemimages/_supplier_7JWbbFcM6nq2am6mM/_230516-0512_AgHQtuKHKudkpngZM-small.png,château pigoudet - première rosé (0.75l)
Wein1.csv,Château Pétrus - Château La Fleur (0.75l),https://cdn.orderlion.com/itemimages/_supplier_7JWbbFcM6nq2am6mM/_231207-1427_zTtun8zE8M9xSHXTb-small.jpeg,château pétrus - château la fleur (0.75l)
Wein1.csv,Château Rieussec - Carmes de (0.75l),https://cdn.orderlion.com/itemimages/_supplier_7JWbbFcM6nq2am6mM/_240402-1234_XXB2tgNkfXWWuAXb8-small.jpeg,château rieussec - carmes de (0.75l)
Wein1.csv,Château Rozier - Saint-Émilion Gran (0.75l),https://cdn.orderlion.com/itemimages/_supplier_7JWbbFcM6nq2am6mM/_231207-1428_Corh36HG5E4F23Lix-small.jpeg,château rozier - saint-émilion gran (0.75l)
Wein1.csv,Château Saint-Roch - Chimères (0.75l),https://cdn.orderlion.com/itemimages/_supplier_7JWbbFcM6nq2am6mM/_231207-1429_o5KJFrBkDMf7GpQhx-small.jpeg,château saint-roch - chimères (0.75l)
Wein1.csv,Château Saint-Roch - Le Rosé (0.75l),https://cdn.orderlion.com/itemimages/_supplier_7JWbbFcM6nq2am6mM/_220818-0343_LN8kEHkDDzJrKWYZ9-small.png,château saint-roch - le rosé (0.75l)
Wein1.csv,Château Saint-Roch - Rouge Corbarol,https://cdn.orderlion.com/itemimages/_supplier_7JWbbFcM6nq2am6mM/_221221-2202_MsLp9GbZW8B53eSih-small.png,château saint-roch - rouge corbarol
Wein1.csv,"Château d'Esclans Garrus (0,75l)",https://cdn.orderlion.com/itemimages/_supplier_7JWbbFcM6nq2am6mM/_230623-0628_jZqyHpMhGhj7MCEQW-small.jpg,"château d'esclans garrus (0,75l)"
Wein1.csv,"Château d'Esclans Les Clans (0,75l)",https://cdn.orderlion.com/itemimages/_supplier_7JWbbFcM6nq2am6mM/_230623-0639_h6qJfR54MAa4sZDtg-small.jpg,"château d'esclans les clans (0,75l)"
Wein1.csv,Château d'Yquem - Petit Guiraud (0.37l),https://cdn.orderlion.com/itemimages/_supplier_7JWbbFcM6nq2am6mM/_240404-0842_xvJhBnrMvCjTZPf4G-small.jpeg,château d'yquem - petit guiraud (0.37l)
Wein1.csv,Château de Beaucastel - Châteauneuf (0.75l),https://cdn.orderlion.com/itemimages/_supplier_7JWbbFcM6nq2am6mM/_231207-1430_6QpokcmrscM22fMjG-small.jpeg,château de beaucastel - châteauneuf (0.75l)
Wein1.csv,"Château de Champteloup - Crémant de Loire Brut Tête de Cuvée (0,75l)",https://cdn.orderlion.com/itemimages/_supplier_7JWbbFcM6nq2am6mM/_250825-1457_nCTXizri3kfwZWJgQ-small.jpeg,"château de champteloup - crémant de loire brut tête de cuvée (0,75l)"
Wein1.csv,"Château le vieux Serestin Medoc 0,75l",https://cdn.orderlion.com/itemimages/_supplier_7JWbbFcM6nq2am6mM/_230130-0846_vWFRkxW4YfNq2fsD8-small.jpg,"château le vieux serestin medoc 0,75l"
Wein1.csv,"Cielo e Terra - ""Casa Defrà"" (0.75l)",https://cdn.orderlion.com/itemimages/_supplier_7JWbbFcM6nq2am6mM/_240404-0843_osTJG5C3esta4orod-small.jpeg,"cielo e terra - ""casa defrà"" (0.75l)"
Wein1.csv,"Cims de Porrera - ""Vi de Vila de (0.75l)",https://cdn.orderlion.com/itemimages/_supplier_7JWbbFcM6nq2am6mM/_231207-1432_n3Gs3CxGMhpCGuQMR-small.jpeg,"cims de porrera - ""vi de vila de (0.75l)"
Wein1.csv,"Cinzano Top Spritz 0,75l",https://cdn.orderlion.com/itemimages/_supplier_7JWbbFcM6nq2am6mM/_230128-1407_kv9vJLijAL5NJ3uYA-small.jpg,"cinzano top spritz 0,75l"
Wein1.csv,"Citra - Bisanzio Cerasuolo d'Abruzz (0,75l)",https://cdn.orderlion.com/itemimages/_supplier_7JWbbFcM6nq2am6mM/_240419-1612_NAZRG2jWu9y7Nyr3G-small.jpeg,"citra - bisanzio cerasuolo d'abruzz (0,75l)"
Wein1.csv,"Clos de l'Oratoire Grand Cru Classé Saint-Emilion (0,75l)",https://cdn.orderlion.com/itemimages/_supplier_7JWbbFcM6nq2am6mM/_230327-1337_WHPskAY9FCQvEmLgL-small.png,"clos de l'oratoire grand cru classé saint-emilion (0,75l)"
Wein1.csv,"Cloudy Bay - Pinot Noir (0,75l)",https://cdn.orderlion.com/itemimages/_supplier_7JWbbFcM6nq2am6mM/_241128-0753_nRBTZ8bARQiZex4tq-small.jpeg,"cloudy bay - pinot noir (0,75l)"
Wein1.csv,"Cloudy Bay - Sauvignon Blanc 0,75l",https://cdn.orderlion.com/itemimages/_supplier_7JWbbFcM6nq2am6mM/_221205-1347_WN8S73d7xo2qoWjn6-small.jpg,"cloudy bay - sauvignon blanc 0,75l"
Wein1.csv,"Cloudy Bay - Te Koko (0,75l)",https://cdn.orderlion.com/itemimages/_supplier_7JWbbFcM6nq2am6mM/_240418-1208_669bMf5mc5tS9sEtq-small.jpeg,"cloudy bay - te koko (0,75l)"
Wein1.csv,"Cloudy Bay - Te Wahi (0,75l)",https://cdn.orderlion.com/itemimages/_supplier_7JWbbFcM6nq2am6mM/_241128-0751_NpwkvjPgYnFREFosE-small.jpeg,"cloudy bay - te wahi (0,75l)"
Wein1.csv,Colli Vai Bò - Bardolino Chiaretto (0.75l),https://cdn.orderlion.com/itemimages/_supplier_7JWbbFcM6nq2am6mM/_220815-0931_ukEnPAbrGxE9bWk7W-small.jpg,colli vai bò - bardolino chiaretto (0.75l)
Wein1.csv,Colli Vai Bò - Cabernet Sauvignon (0.75l),https://cdn.orderlion.com/itemimages/_supplier_7JWbbFcM6nq2am6mM/_220815-0931_dREaWx9sdeHdxQCn7-small.png,colli vai bò - cabernet sauvignon (0.75l)
Wein1.csv,Colli Vai Bò - Lugana (0.75l),https://cdn.orderlion.com/itemimages/_supplier_7JWbbFcM6nq2am6mM/_220815-0930_TCNLp8h9hMeK4G6Kt-small.png,colli vai bò - lugana (0.75l)
Wein1.csv,Colli Vai Bò - Merlot (0.75l),https://cdn.orderlion.com/itemimages/_supplier_7JWbbFcM6nq2am6mM/_220815-0930_2mb5TFLy6A7JkwHMY-small.png,colli vai bò - merlot (0.75l)
Wein1.csv,Contesa - Vigna Corvino (0.75l),https://cdn.orderlion.com/itemimages/_supplier_7JWbbFcM6nq2am6mM/_240404-0843_FnrcjYKvyjdQYnvNz-small.jpeg,contesa - vigna corvino (0.75l)
Wein1.csv,Contesa - Vigna Corvino Cerasuolo (0.75l),https://cdn.orderlion.com/itemimages/_supplier_7JWbbFcM6nq2am6mM/_230516-0515_4x6MmPDsghMPLPkXb-small.jpg,contesa - vigna corvino cerasuolo (0.75l)
Wein1.csv,Contesa - Vigna Corvino Passerina (0.75l),https://cdn.orderlion.com/itemimages/_supplier_7JWbbFcM6nq2am6mM/_240404-0844_jTByEeoGPuEGv7Hcb-small.jpeg,contesa - vigna corvino passerina (0.75l)
Wein1.csv,Contesa - Vigna Corvino Pecorino (0.75l),https://cdn.orderlion.com/itemimages/_supplier_7JWbbFcM6nq2am6mM/_240404-0844_eN8eg6W6NCzq2ZAmt-small.jpeg,contesa - vigna corvino pecorino (0.75l)
Wein1.csv,Contesa - Vigna Corvino Trebbiano (0.75l),https://cdn.orderlion.com/itemimages/_supplier_7JWbbFcM6nq2am6mM/_240404-0844_HSrSxmKr42uqBGMwg-small.jpeg,contesa - vigna corvino trebbiano (0.75l)
Wein1.csv,Corte Giara - Amarone della (0.75l),https://cdn.orderlion.com/itemimages/_supplier_7JWbbFcM6nq2am6mM/_240404-0845_zfZuo674KfLqpF8zM-small.jpeg,corte giara - amarone della (0.75l)
Wein1.csv,Corte Giara - Bardolino Chiaretto (0.75l),https://cdn.orderlion.com/itemimages/_supplier_7JWbbFcM6nq2am6mM/_230516-0515_EhLwrDiisdvmticuM-small.png,corte giara - bardolino chiaretto (0.75l)
Wein1.csv,Corte Giara - Merlot Corvina del (0.75l),https://cdn.orderlion.com/itemimages/_supplier_7JWbbFcM6nq2am6mM/_240404-0845_joiuNdeQr2K7c2WRv-small.jpeg,corte giara - merlot corvina del (0.75l)
Wein1.csv,Corte Giara - Recioto della (0.5l),https://cdn.orderlion.com/itemimages/_supplier_7JWbbFcM6nq2am6mM/_230515-0944_rs6h4uLLY3JNb3uwP-small.jpeg,corte giara - recioto della (0.5l)
Wein1.csv,Corte Giara - Valpolicella (0.75l),https://cdn.orderlion.com/itemimages/_supplier_7JWbbFcM6nq2am6mM/_240404-0846_DaAcsoFvPa42562zt-small.jpeg,corte giara - valpolicella (0.75l)
Wein1.csv,Corte Giara - Valpolicella Ripasso (0.75l),https://cdn.orderlion.com/itemimages/_supplier_7JWbbFcM6nq2am6mM/_240404-0846_yHKuwfGWs38Tp8ua5-small.jpeg,corte giara - valpolicella ripasso (0.75l)
Wein1.csv,"Crudo - Catarratto-Zibibbo (0,75L)",https://cdn.orderlion.com/itemimages/_supplier_7JWbbFcM6nq2am6mM/_240611-1214_o6bebimdcF88akzRf-small.jpeg,"crudo - catarratto-zibibbo (0,75l)"
Wein1.csv,Cusumano Syrah (0.75l),https://cdn.orderlion.com/itemimages/_supplier_7JWbbFcM6nq2am6mM/_240404-0847_rqLWQKMh5LC2JnMZR-small.jpeg,cusumano syrah (0.75l)
Wein1.csv,Cà dei Frati - Brolettino Lugana (0.75l),https://cdn.orderlion.com/itemimages/_supplier_7JWbbFcM6nq2am6mM/_220815-0934_8NSfmNsgHboC4gSG9-small.png,cà dei frati - brolettino lugana (0.75l)
Wein1.csv,Cà dei Frati - I Frati Lugana (0.75l),https://cdn.orderlion.com/itemimages/_supplier_7JWbbFcM6nq2am6mM/_220815-0932_wqkyh4ZAL7bzQmEFD-small.jpg,cà dei frati - i frati lugana (0.75l)
Wein1.csv,Cà dei Frati - Pratto (0.75l),https://cdn.orderlion.com/itemimages/_supplier_7JWbbFcM6nq2am6mM/_220815-0935_m4zCf3Rb6vrm6ZBx7-small.png,cà dei frati - pratto (0.75l)
Wein1.csv,Cà dei Frati - Ronchedone (0.75l),https://cdn.orderlion.com/itemimages/_supplier_7JWbbFcM6nq2am6mM/_220815-0933_i82ceMpb8f4qxtR4d-small.jpg,cà dei frati - ronchedone (0.75l)
Wein1.csv,Cà dei Frati - Rosa dei Frati (0.75l),https://cdn.orderlion.com/itemimages/_supplier_7JWbbFcM6nq2am6mM/_220815-0933_akv5zCbr4DmK3yWe8-small.png,cà dei frati - rosa dei frati (0.75l)
Wein1.csv,"CàMaiol - ""Prestige"" Lugana (0.75l)",https://cdn.orderlion.com/itemimages/_supplier_7JWbbFcM6nq2am6mM/_240404-0847_eyuwfeSJZTKbJf7W3-small.jpeg,"càmaiol - ""prestige"" lugana (0.75l)"
Wein1.csv,"CàMaiol - ""Roseri"" Chiaretto (0.75l)",https://cdn.orderlion.com/itemimages/_supplier_7JWbbFcM6nq2am6mM/_230516-0517_rip7X7jvXoZLWtdj3-small.jpg,"càmaiol - ""roseri"" chiaretto (0.75l)"
Wein1.csv,"Côtes-du-Rhône Saint-Esprit (0,75l)",https://cdn.orderlion.com/itemimages/_supplier_7JWbbFcM6nq2am6mM/_240404-0848_4B7vYcEZeicmdrPhg-small.jpeg,"côtes-du-rhône saint-esprit (0,75l)"
Wein1.csv,Delas - Crozes-Hermitage Cru Le Clo (0.75l),https://cdn.orderlion.com/itemimages/_supplier_7JWbbFcM6nq2am6mM/_240404-0849_sm25Cu8WrptS9bevW-small.jpeg,delas - crozes-hermitage cru le clo (0.75l)
Wein1.csv,Delas - Crozes-Hermitage Les Launes (0.75l),https://cdn.orderlion.com/itemimages/_supplier_7JWbbFcM6nq2am6mM/_240404-0849_NLSYscgPkY7TT5Pi7-small.jpeg,delas - crozes-hermitage les launes (0.75l)
Wein1.csv,Delas - Viognier (0.75l),https://cdn.orderlion.com/itemimages/_supplier_7JWbbFcM6nq2am6mM/_240404-0850_LFyGpqJMEYs9kBjGR-small.jpeg,delas - viognier (0.75l)
Wein1.csv,"Der Ohne Alkohlfrei - Weingut Spiess Riesling (0,75l)",https://cdn.orderlion.com/itemimages/_supplier_7JWbbFcM6nq2am6mM/_240404-0850_acGPhfFZ9qQ9tg8in-small.jpeg,"der ohne alkohlfrei - weingut spiess riesling (0,75l)"
Wein1.csv,Divino - Franconia Bacchus feinherb (1l),https://cdn.orderlion.com/itemimages/_supplier_7JWbbFcM6nq2am6mM/_240404-0851_bmiS69M46zYz5yqE2-small.jpeg,divino - franconia bacchus feinherb (1l)
Wein1.csv,Divino - Franconia Müller Thurgau (1l),https://cdn.orderlion.com/itemimages/_supplier_7JWbbFcM6nq2am6mM/_240404-0851_x47fGWojTnpr2dbHi-small.jpeg,divino - franconia müller thurgau (1l)
Wein1.csv,Divino - Franconia Riesling (1l),https://cdn.orderlion.com/itemimages/_supplier_7JWbbFcM6nq2am6mM/_240404-0853_Jrth5vpZbSDo4kQtx-small.jpeg,divino - franconia riesling (1l)
Wein1.csv,Divino - Franconia Silvaner (1l),https://cdn.orderlion.com/itemimages/_supplier_7JWbbFcM6nq2am6mM/_240404-0853_uaRhbjSfNrRTGvWbj-small.jpeg,divino - franconia silvaner (1l)
Whiskey.csv,Chivas Regal 12years Standard (0.05l),https://cdn.orderlion.com/itemimages/_supplier_7JWbbFcM6nq2am6mM/_230429-0852_hHSDCRJdwTRHoijPy-small.jpg,chivas regal 12years standard (0.05l)
Whiskey.csv,Chivas Regal 12years Standard (0.7l),https://cdn.orderlion.com/itemimages/_supplier_7JWbbFcM6nq2am6mM/_221128-2125_pQBJ63m9WXyDtXuBB-small.jpg,chivas regal 12years standard (0.7l)
Whiskey.csv,Chivas Regal 12years Standard (1l),https://cdn.orderlion.com/itemimages/_supplier_7JWbbFcM6nq2am6mM/_221205-1347_J2X7XPNcvkTTjnuEj-small.jpg,chivas regal 12years standard (1l)
Whiskey.csv,Chivas Regal 18years (0.7l),https://cdn.orderlion.com/itemimages/_supplier_7JWbbFcM6nq2am6mM/_230304-0800_ZJJQkkTbe6sxsxnP3-small.jpg,chivas regal 18years (0.7l)
Whiskey.csv,Chivas Regal 25years (0.7l),https://cdn.orderlion.com/itemimages/_supplier_7JWbbFcM6nq2am6mM/_230429-0852_gx2TQN43NYMh5SjHK-small.jpg,chivas regal 25years (0.7l)
Whiskey.csv,Chivas Regal Royal Salute 21years (0.7l),https://cdn.orderlion.com/itemimages/_supplier_7JWbbFcM6nq2am6mM/_230429-0856_TbwDLMY2Drw9m3CbZ-small.jpg,chivas regal royal salute 21years (0.7l)
Whiskey.csv,Chivas Regal Ultis (0.7l),https://cdn.orderlion.com/itemimages/_supplier_7JWbbFcM6nq2am6mM/_240701-1156_qGjn9EJD8hDDtarnB-small.jpeg,chivas regal ultis (0.7l)
Whiskey.csv,Clynelish 14years (0.7l),https://cdn.orderlion.com/itemimages/_supplier_7JWbbFcM6nq2am6mM/_230201-2125_2iCQQFZcgxjNgyfNC-small.jpg,clynelish 14years (0.7l)
Whiskey.csv,Connemara Original Peated Single (0.7l),https://cdn.orderlion.com/itemimages/_supplier_7JWbbFcM6nq2am6mM/_230429-0904_RmidyQNjTEjiGmw4s-small.jpg,connemara original peated single (0.7l)
Whiskey.csv,Copper Dog (0.7l),https://cdn.orderlion.com/itemimages/_supplier_7JWbbFcM6nq2am6mM/_230429-0904_oom8L6hoNfBJGXpxr-small.jpg,copper dog (0.7l)
Whiskey.csv,Cragganmore 12years (0.7l),https://cdn.orderlion.com/itemimages/_supplier_7JWbbFcM6nq2am6mM/_221205-1916_eCxfrf7KSKBWdHaXy-small.jpg,cragganmore 12years (0.7l)
Whiskey.csv,"Cragganmore Single Malt Speyside Distillers Edition 0,7l",https://cdn.orderlion.com/itemimages/_supplier_7JWbbFcM6nq2am6mM/_230130-0810_qh59iGDQFNK7noDPG-small.png,"cragganmore single malt speyside distillers edition 0,7l"
Whiskey.csv,Cutty Sark Blended Scotch (0.7l),https://cdn.orderlion.com/itemimages/_supplier_7JWbbFcM6nq2am6mM/_230429-0905_qn6e85gWzDq2ZEnLu-small.jpg,cutty sark blended scotch (0.7l)
Whiskey.csv,Dalwhinnie 15years (0.7l),https://cdn.orderlion.com/itemimages/_supplier_7JWbbFcM6nq2am6mM/_221205-1918_33nRJh4sCzoKNz6uh-small.jpg,dalwhinnie 15years (0.7l)
Whiskey.csv,Dewar's 12years Old Blended Scotch (0.7l),https://cdn.orderlion.com/itemimages/_supplier_7JWbbFcM6nq2am6mM/_230429-0906_KfAGKqch8uKZGaXRd-small.jpg,dewar's 12years old blended scotch (0.7l)
Whiskey.csv,Dimple Golden Selection (0.7l),https://cdn.orderlion.com/itemimages/_supplier_7JWbbFcM6nq2am6mM/_230429-0909_qeyoFQyxR378cfiQ2-small.jpg,dimple golden selection (0.7l)
